{
  "Zc_pu": {
    "re": 0.001990074380419978,
    "im": 0.01990074380419978
  },
  "Hk0": {
    "re": 0.8272635452958617,
    "im": -48.01173368296348
  },
  "Hm0": {
    "re": 0.786498062135752,
    "im": -48.00131846590941
  }
}